ds,y
2020-01-01,1079.67
2020-01-02,991.77
2020-01-03,1117.01
2020-01-04,1255.65
2020-01-05,999.41
2020-01-06,1006.74
2020-01-07,1286.06
2020-01-08,1171.6
2020-01-09,993.36
2020-01-10,1152.45
2020-01-11,1008.82
2020-01-12,1015.73
2020-01-13,1129.11
2020-01-14,813.04
2020-01-15,848.49
2020-01-16,1030.05
2020-01-17,969.61
2020-01-18,1175.79
2020-01-19,999.54
2020-01-20,930.97
2020-01-21,1369.69
2020-01-22,1122.98
2020-01-23,1173.95
2020-01-24,957.04
2020-01-25,1095.99
2020-01-26,1201.15
2020-01-27,1018.69
2020-01-28,1254.48
2020-01-29,1114.77
2020-01-30,1167.81
2020-01-31,1127.97
2020-02-01,1502.68
2020-02-02,1229.38
2020-02-03,1079.26
2020-02-04,1367.77
2020-02-05,1067.68
2020-02-06,1288.5
2020-02-07,969.54
2020-02-08,1070.52
2020-02-09,1305.48
2020-02-10,1392.87
2020-02-11,1313.9
2020-02-12,1276.88
2020-02-13,1255.03
2020-02-14,1084.33
2020-02-15,1203.98
2020-02-16,1248.65
2020-02-17,1482.04
2020-02-18,1380.67
2020-02-19,1070.26
2020-02-20,1388.85
2020-02-21,1287.93
2020-02-22,1249.54
2020-02-23,1448.15
2020-02-24,1516.29
2020-02-25,1506.5
2020-02-26,1246.03
2020-02-27,1330.56
2020-02-28,1431.58
2020-02-29,1533.1
2020-03-01,1319.69
2020-03-02,1368.44
2020-03-03,1234.98
2020-03-04,1226.07
2020-03-05,1531.86
2020-03-06,1617.83
2020-03-07,1407.92
2020-03-08,1573.5
2020-03-09,1481.38
2020-03-10,1334.44
2020-03-11,1489.42
2020-03-12,1669.83
2020-03-13,1437.59
2020-03-14,1681.4
2020-03-15,1057.41
2020-03-16,1577.23
2020-03-17,1470.49
2020-03-18,1415.99
2020-03-19,1477.93
2020-03-20,1169.26
2020-03-21,1437.59
2020-03-22,1527.16
2020-03-23,1698.25
2020-03-24,1401.71
2020-03-25,1360.97
2020-03-26,1409.68
2020-03-27,1624.88
2020-03-28,1539.41
2020-03-29,1413.07
2020-03-30,1571.88
2020-03-31,1511.71
2020-04-01,1644.62
2020-04-02,1396.1
2020-04-03,1454.25
2020-04-04,1446.49
2020-04-05,1287.6
2020-04-06,1553.28
2020-04-07,1549.66
2020-04-08,1512.82
2020-04-09,1478.34
2020-04-10,1302.6
2020-04-11,1453.1
2020-04-12,1465.99
2020-04-13,1398.17
2020-04-14,1495.35
2020-04-15,1581.09
2020-04-16,1804.27
2020-04-17,1548.3
2020-04-18,1561.44
2020-04-19,1512.24
2020-04-20,1236.11
2020-04-21,1520.38
2020-04-22,1533.74
2020-04-23,1894.46
2020-04-24,1496.31
2020-04-25,1570.5
2020-04-26,1520.08
2020-04-27,1349.93
2020-04-28,1696.52
2020-04-29,1637.67
2020-04-30,1643.25
2020-05-01,1387.81
2020-05-02,1734.19
2020-05-03,1312.97
2020-05-04,1610.68
2020-05-05,1850.55
2020-05-06,1372.65
2020-05-07,1435.47
2020-05-08,1534.47
2020-05-09,1443.04
2020-05-10,1284.93
2020-05-11,1526.72
2020-05-12,1355.92
2020-05-13,1585.07
2020-05-14,1374.82
2020-05-15,1743.86
2020-05-16,1392.45
2020-05-17,1460.14
2020-05-18,1628.92
2020-05-19,1320.65
2020-05-20,1537.72
2020-05-21,1697.94
2020-05-22,1258.96
2020-05-23,1525.93
2020-05-24,1535.32
2020-05-25,1611.66
2020-05-26,1306.84
2020-05-27,1292.26
2020-05-28,1566.51
2020-05-29,1530.61
2020-05-30,1521.44
2020-05-31,1533.58
2020-06-01,1377.32
2020-06-02,1511.82
2020-06-03,1518.57
2020-06-04,1365.04
2020-06-05,1749.6
2020-06-06,1538.31
2020-06-07,1286.01
2020-06-08,1560.62
2020-06-09,1313.34
2020-06-10,1574.97
2020-06-11,1628.03
2020-06-12,1328.44
2020-06-13,1593.33
2020-06-14,1508.0
2020-06-15,1566.61
2020-06-16,1725.03
2020-06-17,1400.88
2020-06-18,1321.79
2020-06-19,1298.57
2020-06-20,1306.75
2020-06-21,1414.66
2020-06-22,1474.49
2020-06-23,1461.9
2020-06-24,1541.54
2020-06-25,1416.48
2020-06-26,1629.61
2020-06-27,1368.92
2020-06-28,1813.68
2020-06-29,1496.54
2020-06-30,1271.15
2020-07-01,1236.12
2020-07-02,1466.15
2020-07-03,1357.29
2020-07-04,1494.95
2020-07-05,1455.88
2020-07-06,1371.01
2020-07-07,1251.98
2020-07-08,1148.83
2020-07-09,1306.16
2020-07-10,1498.69
2020-07-11,1399.45
2020-07-12,1177.59
2020-07-13,1387.57
2020-07-14,1416.54
2020-07-15,1223.34
2020-07-16,1376.18
2020-07-17,1359.07
2020-07-18,1176.14
2020-07-19,1410.6485110087174
2020-07-20,1438.432136379145
2020-07-21,1492.150340674863
2020-07-22,1514.3968794757718
2020-07-23,1120.1670379833745
2020-07-24,1092.7364986012194
2020-07-25,1282.6680355313433
2020-07-26,1279.5131366766843
2020-07-27,1423.7384608233021
2020-07-28,1998.8693790128068
2020-07-29,1346.5493806047486
2020-07-30,1507.22827904433
2020-07-31,1575.5460497662496
2020-08-01,1375.4223419883863
2020-08-02,1317.0917678548255
2020-08-03,1575.2168024173209
2020-08-04,1202.555019810042
2020-08-05,1424.4950750406713
2020-08-06,1188.9552673824874
2020-08-07,1381.883987753234
2020-08-08,1573.8652091987403
2020-08-09,961.7148746004576
2020-08-10,1509.2395490339902
2020-08-11,1250.8216246224963
2020-08-12,1304.7643351812944
2020-08-13,1436.0712351979098
2020-08-14,1251.458064125245
2020-08-15,1219.6602004357146
2020-08-16,1052.8609263559745
2020-08-17,1203.7532357093328
2020-08-18,1119.2891326210042
2020-08-19,1238.8880259036896
2020-08-20,1214.2758181794127
2020-08-21,1209.6151716565248
2020-08-22,1668.8415970073263
2020-08-23,1392.8139290731688
2020-08-24,1050.245799938282
2020-08-25,1418.799919008856
2020-08-26,1245.4475932158396
2020-08-27,1241.1446851088547
2020-08-28,1332.2974046572274
2020-08-29,1251.4184834373498
2020-08-30,1668.8822652537247
2020-08-31,1538.2702095117436
2020-09-01,1203.615702943462
2020-09-02,1162.7236461754205
2020-09-03,1159.633445867599
2020-09-04,1029.6975420187005
2020-09-05,1622.48658083725
2020-09-06,1436.5488710740988
2020-09-07,1011.7347458532724
2020-09-08,1408.62
2020-09-09,1589.6
2020-09-10,1426.56
2020-09-11,1044.28
2020-09-12,1200.13
2020-09-13,1463.47
2020-09-14,1168.03
2020-09-15,1341.59
2020-09-16,1392.14
2020-09-17,1137.91
2020-09-18,1269.12
2020-09-19,793.04
2020-09-20,1126.84
2020-09-21,1243.97
2020-09-22,1096.13
2020-09-23,1529.69
2020-09-24,1071.93
2020-09-25,1222.15
2020-09-26,1309.57
2020-09-27,1508.03
2020-09-28,1078.43
2020-09-29,1470.35
2020-09-30,1299.56
2020-10-01,1153.04
2020-10-02,1371.91
2020-10-03,1334.88
2020-10-04,1217.49
2020-10-05,1320.59
2020-10-06,1255.0
2020-10-07,1332.6
2020-10-08,1417.75
2020-10-09,1559.28
2020-10-10,1138.75
2020-10-11,1647.5
2020-10-12,1037.94
2020-10-13,1311.28
2020-10-14,1425.68
2020-10-15,1383.05
2020-10-16,1251.05
2020-10-17,1316.88
2020-10-18,1277.87
2020-10-19,1267.23
2020-10-20,1486.97
2020-10-21,1417.06
2020-10-22,1263.63
2020-10-23,1506.65
2020-10-24,1422.03
2020-10-25,1502.17
2020-10-26,1479.08
2020-10-27,1264.75
2020-10-28,1309.62
2020-10-29,1510.37
2020-10-30,1494.53
2020-10-31,1404.62
2020-11-01,1430.21
2020-11-02,1609.2
2020-11-03,1333.82
2020-11-04,1509.7
2020-11-05,1402.46
2020-11-06,1405.36
2020-11-07,1608.13
2020-11-08,1572.49
2020-11-09,1576.15
2020-11-10,1655.45
2020-11-11,1468.35
2020-11-12,1573.13
2020-11-13,1430.01
2020-11-14,1530.94
2020-11-15,1468.63
2020-11-16,1508.6
2020-11-17,1589.28
2020-11-18,1383.29
2020-11-19,1825.96
2020-11-20,1367.33
2020-11-21,1342.3
2020-11-22,1704.39
2020-11-23,1655.72
2020-11-24,1636.94
2020-11-25,1643.98
2020-11-26,1554.35
2020-11-27,1428.1
2020-11-28,1580.62
2020-11-29,1474.27
2020-11-30,1728.76
2020-12-01,1567.12
2020-12-02,1472.09
2020-12-03,1554.48
2020-12-04,1671.44
2020-12-05,1531.8
2020-12-06,1499.91
2020-12-07,1666.73
2020-12-08,1673.88
2020-12-09,1568.09
2020-12-10,1580.5
2020-12-11,1693.02
2020-12-12,1448.08
2020-12-13,1461.29
2020-12-14,1571.78
2020-12-15,1654.69
2020-12-16,1740.53
2020-12-17,1922.41
2020-12-18,1836.98
2020-12-19,1691.59
2020-12-20,1719.99
2020-12-21,1579.74
2020-12-22,1734.64
2020-12-23,1701.42
2020-12-24,1800.44
2020-12-25,1635.28
2020-12-26,1844.6
2020-12-27,2003.95
2020-12-28,1765.07
2020-12-29,1848.99
2020-12-30,1899.6
2020-12-31,1743.25
2021-01-01,1840.53
2021-01-02,1816.15
2021-01-03,1836.26
2021-01-04,1713.0
2021-01-05,1839.96
2021-01-06,1918.31
2021-01-07,2068.61
2021-01-08,2002.13
2021-01-09,2188.52
2021-01-10,1757.72
2021-01-11,2010.94
2021-01-12,1914.84
2021-01-13,2223.04
2021-01-14,1780.54
2021-01-15,1783.02
2021-01-16,1826.24
2021-01-17,1604.7
2021-01-18,1851.54
2021-01-19,1823.63
2021-01-20,1967.12
2021-01-21,2002.86
2021-01-22,2240.03
2021-01-23,2108.13
2021-01-24,1885.97
2021-01-25,1844.64
2021-01-26,2060.05
2021-01-27,1795.06
2021-01-28,2274.59
2021-01-29,2183.53
2021-01-30,1942.94
2021-01-31,1763.01
2021-02-01,2229.67
2021-02-02,2015.97
2021-02-03,2225.34
2021-02-04,1900.935216412931
2021-02-05,1959.0449922689695
2021-02-06,1931.5064750018848
2021-02-07,2063.35577056041
2021-02-08,2000.5531850525642
2021-02-09,2116.2108589900545
2021-02-10,1919.8260678734925
2021-02-11,1976.8037128920487
2021-02-12,2122.89765039282
2021-02-13,2205.795199785187
2021-02-14,2128.832726142863
2021-02-15,2148.145286167666
2021-02-16,1865.4237835705599
2021-02-17,2350.0523595046857
2021-02-18,2227.1171620021178
2021-02-19,2072.0455662849304
2021-02-20,2431.4433116473724
2021-02-21,2284.2302308331596
2021-02-22,2172.092915379903
2021-02-23,2139.2669564652033
2021-02-24,2676.9710869621595
2021-02-25,2462.1623778050043
2021-02-26,2086.124508242613
2021-02-27,2277.879364618864
2021-02-28,2266.295315220329
2021-03-01,2347.725455935235
2021-03-02,1966.1364595132409
2021-03-03,2236.709496340696
2021-03-04,2280.312603170313
2021-03-05,1940.9929388799533
2021-03-06,1988.31743126444
2021-03-07,1821.6181347586191
2021-03-08,2087.69786474877
2021-03-09,2371.651131470232
2021-03-10,2466.2976627065327
2021-03-11,2251.751816973952
2021-03-12,2408.7386583248804
2021-03-13,2101.675355922651
2021-03-14,1963.1518866030522
2021-03-15,2329.3184855607296
2021-03-16,2318.549732769089
2021-03-17,2292.3249923021867
2021-03-18,2193.017613261918
2021-03-19,2169.904647494806
2021-03-20,2011.0531606742234
2021-03-21,2400.818625008831
2021-03-22,2368.579387516821
2021-03-23,2052.8821946332982
2021-03-24,2247.2394314403246
2021-03-25,2150.6774658436016
2021-03-26,2396.7460998980287
2021-03-27,2429.97
2021-03-28,2141.46
2021-03-29,2367.45
2021-03-30,2214.75
2021-03-31,2177.71
2021-04-01,2282.85
2021-04-02,2145.79
2021-04-03,2220.11
2021-04-04,2125.47
2021-04-05,2601.77
2021-04-06,2314.17
2021-04-07,2205.65
2021-04-08,2344.35
2021-04-09,2296.96
2021-04-10,2282.13
2021-04-11,2408.78
2021-04-12,2431.57
2021-04-13,2239.57
2021-04-14,2233.89
2021-04-15,2280.04
2021-04-16,1976.95
2021-04-17,2095.82
2021-04-18,2528.9
2021-04-19,2571.3
2021-04-20,2287.8
2021-04-21,2412.16
2021-04-22,2372.8
2021-04-23,2788.29
2021-04-24,2494.67
2021-04-25,2307.73
2021-04-26,2183.69
2021-04-27,2086.08
2021-04-28,2357.51
2021-04-29,2213.4
2021-04-30,2113.3
2021-05-01,2229.36
2021-05-02,2163.74
2021-05-03,2578.6
2021-05-04,2457.25
2021-05-05,2323.21
2021-05-06,2545.72
2021-05-07,2334.59
2021-05-08,2192.97
2021-05-09,2549.75
2021-05-10,2401.15
2021-05-11,2163.7
2021-05-12,2289.64
2021-05-13,2185.68
2021-05-14,2108.36
2021-05-15,2453.41
2021-05-16,2599.53
2021-05-17,2101.9
2021-05-18,2394.64
2021-05-19,2211.05
2021-05-20,2233.96
2021-05-21,2216.5
2021-05-22,2174.03
2021-05-23,2309.11
2021-05-24,2175.35
2021-05-25,2338.66
2021-05-26,2288.6
2021-05-27,2258.29
2021-05-28,2155.94
2021-05-29,2203.46
2021-05-30,2401.13
2021-05-31,2360.75
2021-06-01,2136.73
2021-06-02,2295.97
2021-06-03,2391.45
2021-06-04,2025.95
2021-06-05,2355.45
2021-06-06,2172.09
2021-06-07,2354.58
2021-06-08,2151.97
2021-06-09,1993.16
2021-06-10,2017.16
2021-06-11,2265.87
2021-06-12,2294.95
2021-06-13,2117.65
2021-06-14,2346.37
2021-06-15,1998.6
2021-06-16,2235.15
2021-06-17,2060.61
2021-06-18,2141.67
2021-06-19,2243.71
2021-06-20,2104.68
2021-06-21,2173.19
2021-06-22,2378.92
2021-06-23,2138.54
2021-06-24,2347.51
2021-06-25,2049.76
2021-06-26,2295.75
2021-06-27,2429.56
2021-06-28,1839.62
2021-06-29,2087.87
2021-06-30,2291.0
2021-07-01,2171.02
2021-07-02,2254.17
2021-07-03,2104.94
2021-07-04,2205.55
2021-07-05,2166.25
2021-07-06,2361.81
2021-07-07,2221.85
2021-07-08,2231.39
2021-07-09,2116.03
2021-07-10,2101.75
2021-07-11,2107.1
2021-07-12,2228.25
2021-07-13,2103.06
2021-07-14,2206.81
2021-07-15,2471.81
2021-07-16,2288.34
2021-07-17,2105.97
2021-07-18,2332.28
2021-07-19,2088.13
2021-07-20,1840.89
2021-07-21,1992.7
2021-07-22,1860.62
2021-07-23,2085.87
2021-07-24,2138.75
2021-07-25,2384.88
2021-07-26,2179.91
2021-07-27,2095.5
2021-07-28,2250.31
2021-07-29,1791.8
2021-07-30,2156.43
2021-07-31,2234.37
2021-08-01,1894.65
2021-08-02,2285.74
2021-08-03,2162.74
2021-08-04,2047.5
2021-08-05,2202.59
2021-08-06,2446.21
2021-08-07,2130.87
2021-08-08,2138.86
2021-08-09,2030.81
2021-08-10,1970.38
2021-08-11,2220.6
2021-08-12,1965.89
2021-08-13,2103.35
2021-08-14,2019.34
2021-08-15,2161.27
2021-08-16,2137.96
2021-08-17,2242.1
2021-08-18,2008.58
2021-08-19,2043.29
2021-08-20,1935.7
2021-08-21,2014.69
2021-08-22,2136.81
2021-08-23,2192.72
2021-08-24,1939.86
2021-08-25,2207.72
2021-08-26,2279.79
2021-08-27,2137.7
2021-08-28,2356.51
2021-08-29,1958.3
2021-08-30,1887.13
2021-08-31,1806.56
2021-09-01,2297.38
2021-09-02,2170.82
2021-09-03,2064.09
2021-09-04,2114.27
2021-09-05,1903.37
2021-09-06,2439.06
2021-09-07,2091.67
2021-09-08,2088.86
2021-09-09,2181.56
2021-09-10,2145.18
2021-09-11,2107.02
2021-09-12,1955.37
2021-09-13,2145.24
2021-09-14,2357.49
2021-09-15,2277.75
2021-09-16,2315.75
2021-09-17,2001.01
2021-09-18,1930.26
2021-09-19,2060.93
2021-09-20,2089.34
2021-09-21,2246.38
2021-09-22,1829.73
2021-09-23,2314.48
2021-09-24,2062.88
2021-09-25,2024.17
2021-09-26,1938.09
2021-09-27,1843.48
2021-09-28,2217.07
2021-09-29,2106.56
2021-09-30,1904.14
2021-10-01,1905.52
2021-10-02,2051.65
2021-10-03,2354.7
2021-10-04,2067.83
2021-10-05,1883.8
2021-10-06,2075.01
2021-10-07,2073.65
2021-10-08,1712.79
2021-10-09,2112.04
2021-10-10,2088.49
2021-10-11,2230.6
2021-10-12,2406.64
2021-10-13,2301.49
2021-10-14,2095.47
2021-10-15,1973.21
2021-10-16,2528.66
2021-10-17,2155.09
2021-10-18,2151.94
2021-10-19,2149.96
2021-10-20,2187.1
2021-10-21,2139.63
2021-10-22,2079.21
2021-10-23,2087.29
2021-10-24,2168.55
2021-10-25,2096.18
2021-10-26,2075.07
2021-10-27,2202.35
2021-10-28,2152.61
2021-10-29,2421.0
2021-10-30,1802.38
2021-10-31,2368.45
2021-11-01,2396.42
2021-11-02,1903.36
2021-11-03,2167.9
2021-11-04,2168.59
2021-11-05,2018.26
2021-11-06,2117.87
2021-11-07,2073.18
2021-11-08,2507.91
2021-11-09,2390.79
2021-11-10,2446.61
2021-11-11,2369.63
2021-11-12,2097.59
2021-11-13,2193.92
2021-11-14,2351.71
2021-11-15,2100.75
2021-11-16,2396.85
2021-11-17,2259.75
2021-11-18,2245.53
2021-11-19,2414.42
2021-11-20,2380.49
2021-11-21,2265.84
2021-11-22,2500.08
2021-11-23,2170.26
2021-11-24,2431.11
2021-11-25,2434.04
2021-11-26,2305.05
2021-11-27,2406.86
2021-11-28,2176.78
2021-11-29,2509.6
2021-11-30,2349.86
2021-12-01,2305.84
2021-12-02,2548.29
2021-12-03,2292.02
2021-12-04,2193.17
2021-12-05,2177.76
2021-12-06,2509.01
2021-12-07,2232.94
2021-12-08,2695.15
2021-12-09,2126.6
2021-12-10,2700.35
2021-12-11,2484.56
2021-12-12,2445.46
2021-12-13,2385.31
2021-12-14,2534.03
2021-12-15,2475.66
2021-12-16,2653.96
2021-12-17,2512.78
2021-12-18,2525.4
2021-12-19,2455.54
2021-12-20,2508.79
2021-12-21,2570.76
2021-12-22,2275.35
2021-12-23,2336.94
2021-12-24,2657.96
2021-12-25,2579.42
2021-12-26,2533.52
2021-12-27,2571.21
2021-12-28,2627.93
2021-12-29,2502.17
2021-12-30,2473.74
2021-12-31,2627.21
2022-01-01,2459.72
2022-01-02,2675.06
2022-01-03,2365.78
2022-01-04,2782.89
2022-01-05,2706.74
2022-01-06,2681.58
2022-01-07,2797.9
2022-01-08,2907.63
2022-01-09,2817.26
2022-01-10,2396.25
2022-01-11,2487.71
2022-01-12,2593.18
2022-01-13,2698.05
2022-01-14,2778.99
2022-01-15,2599.68
2022-01-16,2743.72
2022-01-17,2609.54
2022-01-18,2638.24
2022-01-19,2526.06
2022-01-20,2605.64
2022-01-21,2548.41
2022-01-22,2611.78
2022-01-23,2923.18
2022-01-24,2629.66
2022-01-25,3173.82
2022-01-26,2859.83
2022-01-27,2820.38
2022-01-28,2670.68
2022-01-29,2911.23
2022-01-30,2726.54
2022-01-31,2837.84
2022-02-01,3210.16
2022-02-02,2818.31
2022-02-03,3011.62
2022-02-04,2740.23
2022-02-05,2846.87
2022-02-06,3124.11
2022-02-07,2770.76
2022-02-08,3142.93
2022-02-09,2983.43
2022-02-10,2799.05
2022-02-11,2984.37
2022-02-12,3041.42
2022-02-13,2994.78
2022-02-14,2671.89
2022-02-15,2804.2
2022-02-16,2881.93
2022-02-17,2913.62
2022-02-18,3023.54
2022-02-19,2962.68
2022-02-20,2741.25
2022-02-21,3004.04
2022-02-22,3043.98
2022-02-23,3041.68
2022-02-24,3125.07
2022-02-25,3093.21
2022-02-26,3042.1
2022-02-27,2967.73
2022-02-28,2734.06
2022-03-01,3052.52
2022-03-02,3024.03
2022-03-03,3038.34
2022-03-04,2810.73
2022-03-05,2844.65
2022-03-06,3169.27
2022-03-07,3009.77
2022-03-08,3122.26
2022-03-09,3028.53
2022-03-10,3032.91
2022-03-11,3173.27
2022-03-12,2959.12
2022-03-13,3054.86
2022-03-14,2974.93
2022-03-15,2982.85
2022-03-16,3005.31
2022-03-17,3088.58
2022-03-18,2986.94
2022-03-19,3250.52
2022-03-20,2931.28
2022-03-21,3040.68
2022-03-22,3005.89
2022-03-23,3291.96
2022-03-24,3107.36
2022-03-25,3235.54
2022-03-26,2860.72
2022-03-27,3126.32
2022-03-28,3222.32
2022-03-29,3103.75
2022-03-30,3253.67
2022-03-31,3018.61
2022-04-01,3309.86
2022-04-02,3445.47
2022-04-03,3048.3
2022-04-04,3037.89
2022-04-05,3324.63
2022-04-06,3345.38
2022-04-07,3031.75
2022-04-08,3048.79
2022-04-09,3071.1
2022-04-10,2913.17
2022-04-11,2978.42
2022-04-12,2966.89
2022-04-13,3003.54
2022-04-14,3114.62
2022-04-15,3155.99
2022-04-16,3354.38
2022-04-17,2972.91
2022-04-18,3271.08
2022-04-19,3092.02
2022-04-20,3117.3
2022-04-21,3226.46
2022-04-22,2957.26
2022-04-23,3183.38
2022-04-24,3151.26
2022-04-25,3200.34
2022-04-26,3169.96
2022-04-27,3494.9
2022-04-28,3030.89
2022-04-29,3046.76
2022-04-30,3032.73
2022-05-01,3042.58
2022-05-02,3029.93
2022-05-03,3303.44
2022-05-04,3337.64
2022-05-05,3038.35
2022-05-06,2998.44
2022-05-07,3193.26
2022-05-08,3038.9
2022-05-09,3215.78
2022-05-10,3150.32
2022-05-11,2891.49
2022-05-12,3349.87
2022-05-13,3385.96
2022-05-14,3023.43
2022-05-15,3055.89
2022-05-16,3155.56
2022-05-17,3161.42
2022-05-18,3208.54
2022-05-19,3409.74
2022-05-20,3080.05
2022-05-21,2985.17
2022-05-22,2896.29
2022-05-23,2991.76
2022-05-24,3094.58
2022-05-25,3366.84
2022-05-26,3018.06
2022-05-27,3127.26
2022-05-28,3089.18
2022-05-29,3267.79
2022-05-30,3466.42
2022-05-31,3005.55
2022-06-01,3009.51
2022-06-02,3237.26
2022-06-03,3180.58
2022-06-04,3352.93
2022-06-05,3161.09
2022-06-06,3017.15
2022-06-07,3157.15
2022-06-08,3232.33
2022-06-09,3186.52
2022-06-10,3136.94
2022-06-11,3218.22
2022-06-12,3230.95
2022-06-13,3260.19
2022-06-14,3147.45
2022-06-15,3022.32
2022-06-16,3066.63
2022-06-17,3222.8
2022-06-18,2916.46
2022-06-19,3091.47
2022-06-20,2974.31
2022-06-21,3034.74
2022-06-22,3219.31
2022-06-23,3053.3
2022-06-24,3028.68
2022-06-25,2814.8
2022-06-26,3127.78
2022-06-27,3109.71
2022-06-28,3334.42
2022-06-29,2960.8
2022-06-30,3036.88
2022-07-01,3038.44
2022-07-02,3234.68
2022-07-03,2980.8
2022-07-04,3033.98
2022-07-05,3080.35
2022-07-06,3014.2
2022-07-07,2916.29
2022-07-08,3009.42
2022-07-09,3138.42
2022-07-10,2820.48
2022-07-11,2991.49
2022-07-12,2863.63
2022-07-13,3145.02
2022-07-14,2734.43
2022-07-15,5752.44
2022-07-16,6027.64
2022-07-17,6378.52
2022-07-18,5883.58
2022-07-19,5731.24
2022-07-20,6456.7
2022-07-21,5452.54
2022-07-22,5221.96
2022-07-23,6008.32
2022-07-24,5720.48
2022-07-25,5559.58
2022-07-26,3036.69
2022-07-27,2964.5
2022-07-28,2840.85
2022-07-29,2730.99
2022-07-30,3051.52
2022-07-31,3015.83
2022-08-01,2901.12
2022-08-02,3190.73
2022-08-03,2751.01
2022-08-04,2680.53
2022-08-05,2803.45
2022-08-06,2898.33
2022-08-07,2939.65
2022-08-08,2865.0
2022-08-09,2952.08
2022-08-10,2709.68
2022-08-11,3112.18
2022-08-12,2881.54
2022-08-13,3059.77
2022-08-14,2941.96
2022-08-15,2957.49
2022-08-16,2972.94
2022-08-17,2953.18
2022-08-18,2981.06
2022-08-19,3082.7
2022-08-20,2911.56
2022-08-21,2987.25
2022-08-22,2866.32
2022-08-23,3094.75
2022-08-24,2776.29
2022-08-25,3146.98
2022-08-26,2869.98
2022-08-27,2660.63
2022-08-28,2893.77
2022-08-29,2771.78
2022-08-30,2999.49
2022-08-31,2775.03
2022-09-01,2805.61
2022-09-02,2588.79
2022-09-03,2804.14
2022-09-04,2508.25
2022-09-05,2634.17
2022-09-06,2985.82
2022-09-07,2989.72
2022-09-08,2935.83
2022-09-09,2727.21
2022-09-10,2865.43
2022-09-11,2872.46
2022-09-12,2699.75
2022-09-13,3099.59
2022-09-14,3006.35
2022-09-15,2842.35
2022-09-16,2880.37
2022-09-17,2908.51
2022-09-18,2572.0
2022-09-19,2842.28
2022-09-20,2778.24
2022-09-21,2731.57
2022-09-22,2841.0
2022-09-23,3154.26
2022-09-24,2982.27
2022-09-25,2802.09
2022-09-26,2975.36
2022-09-27,3101.17
2022-09-28,3031.85
2022-09-29,2904.07
2022-09-30,2800.15
2022-10-01,3004.08
2022-10-02,2960.61
2022-10-03,3038.19
2022-10-04,3001.61
2022-10-05,3066.27
2022-10-06,2831.15
2022-10-07,3111.73
2022-10-08,2946.53
2022-10-09,3231.04
2022-10-10,2819.32
2022-10-11,3186.13
2022-10-12,2958.54
2022-10-13,2834.35
2022-10-14,2862.78
2022-10-15,2890.69
2022-10-16,3005.84
2022-10-17,3024.2
2022-10-18,2863.36
2022-10-19,2949.49
2022-10-20,3278.29
2022-10-21,3219.98
2022-10-22,3030.27
2022-10-23,2974.58
2022-10-24,2991.03
2022-10-25,3069.28
2022-10-26,2828.14
2022-10-27,2947.34
2022-10-28,2740.13
2022-10-29,3054.85
2022-10-30,3096.67
2022-10-31,2931.81
2022-11-01,3245.17
2022-11-02,2830.06
2022-11-03,2799.2
2022-11-04,3057.54
2022-11-05,3186.01
2022-11-06,3286.69
2022-11-07,2970.5
2022-11-08,3206.43
2022-11-09,3044.22
2022-11-10,3029.54
2022-11-11,3193.49
2022-11-12,3164.36
2022-11-13,2835.7
2022-11-14,3299.34
2022-11-15,3290.65
2022-11-16,2995.63
2022-11-17,3154.73
2022-11-18,3175.42
2022-11-19,3146.44
2022-11-20,3030.87
2022-11-21,3018.8
2022-11-22,3121.91
2022-11-23,3307.89
2022-11-24,3219.83
2022-11-25,3089.05
2022-11-26,3266.8
2022-11-27,2730.22
2022-11-28,3336.32
2022-11-29,2909.6
2022-11-30,3122.79
2022-12-01,3015.86
2022-12-02,2996.29
2022-12-03,3371.35
2022-12-04,3133.85
2022-12-05,3262.79
2022-12-06,3210.63
2022-12-07,3296.12
2022-12-08,3243.01
2022-12-09,3046.0
2022-12-10,3394.88
2022-12-11,3178.41
2022-12-12,3026.04
2022-12-13,3202.39
2022-12-14,3498.84
2022-12-15,3408.4
2022-12-16,3235.73
2022-12-17,3242.82
2022-12-18,3254.17
2022-12-19,3621.16
2022-12-20,3374.18
2022-12-21,3388.66
2022-12-22,3485.98
2022-12-23,3374.55
2022-12-24,3307.18
2022-12-25,3323.9
2022-12-26,3349.94
2022-12-27,3362.43
2022-12-28,3484.49
2022-12-29,3390.49
2022-12-30,3499.94
2022-12-31,3385.29
2023-01-01,3417.83
2023-01-02,3113.66
2023-01-03,3558.18
2023-01-04,3480.05
2023-01-05,3585.11
2023-01-06,3008.3
2023-01-07,3763.31
2023-01-08,3436.43
2023-01-09,3630.89
2023-01-10,3315.96
2023-01-11,3571.13
2023-01-12,3328.45
2023-01-13,3400.13
2023-01-14,3788.01
2023-01-15,3479.5
2023-01-16,3547.88
2023-01-17,3652.92
2023-01-18,3603.88
2023-01-19,3559.19
2023-01-20,3598.43
2023-01-21,3911.23
2023-01-22,3549.08
2023-01-23,3594.86
2023-01-24,3729.23
2023-01-25,3744.36
2023-01-26,3763.45
2023-01-27,3688.02
2023-01-28,3427.55
2023-01-29,3850.76
2023-01-30,3440.49
2023-01-31,3664.5
2023-02-01,3512.57
2023-02-02,3622.66
2023-02-03,3688.11
2023-02-04,3693.47
2023-02-05,3714.97
2023-02-06,3900.11
2023-02-07,3732.39
2023-02-08,3634.0
2023-02-09,3821.44
2023-02-10,3861.4
2023-02-11,3504.93
2023-02-12,3784.71
2023-02-13,3806.25
2023-02-14,3662.35
2023-02-15,3919.19
2023-02-16,3696.11
2023-02-17,3743.18
2023-02-18,3704.04
2023-02-19,3737.93
2023-02-20,3576.67
2023-02-21,3530.56
2023-02-22,3991.13
2023-02-23,3630.23
2023-02-24,3613.81
2023-02-25,3444.68
2023-02-26,3676.94
2023-02-27,3579.35
2023-02-28,4029.07
2023-03-01,3939.11
2023-03-02,3689.22
2023-03-03,4135.03
2023-03-04,3949.07
2023-03-05,3757.65
2023-03-06,3435.95
2023-03-07,4158.91
2023-03-08,3611.16
2023-03-09,3577.03
2023-03-10,3981.39
2023-03-11,4198.05
2023-03-12,4043.73
2023-03-13,3924.59
2023-03-14,3933.05
2023-03-15,3975.59
2023-03-16,3965.08
2023-03-17,3897.0
2023-03-18,3873.94
2023-03-19,3852.33
2023-03-20,3751.94
2023-03-21,3826.17
2023-03-22,3617.47
2023-03-23,3859.72
2023-03-24,3729.15
2023-03-25,3714.79
2023-03-26,3910.1
2023-03-27,4094.62
2023-03-28,4026.19
2023-03-29,3655.39
2023-03-30,3744.97
2023-03-31,4036.88
2023-04-01,3750.65
2023-04-02,3866.5
2023-04-03,3984.79
2023-04-04,3759.03
2023-04-05,3921.99
2023-04-06,3707.9
2023-04-07,3819.53
2023-04-08,3959.35
2023-04-09,3673.98
2023-04-10,3980.47
2023-04-11,3912.83
2023-04-12,3999.94
2023-04-13,3951.86
2023-04-14,4124.01
2023-04-15,3939.2
2023-04-16,3856.95
2023-04-17,3940.56
2023-04-18,4004.49
2023-04-19,3931.01
2023-04-20,3930.37
2023-04-21,3819.5
2023-04-22,3825.8
2023-04-23,3715.19
2023-04-24,4188.29
2023-04-25,3739.46
2023-04-26,3822.21
2023-04-27,3818.41
2023-04-28,4060.35
2023-04-29,3881.73
2023-04-30,4112.92
2023-05-01,3824.44
2023-05-02,3966.95
2023-05-03,3799.35
2023-05-04,4245.9
2023-05-05,3745.39
2023-05-06,3969.33
2023-05-07,4017.18
2023-05-08,3983.36
2023-05-09,3892.61
2023-05-10,3899.97
2023-05-11,3924.98
2023-05-12,3895.26
2023-05-13,4060.72
2023-05-14,4246.49
2023-05-15,3829.98
2023-05-16,3706.77
2023-05-17,3897.57
2023-05-18,4296.28
2023-05-19,3787.22
2023-05-20,4152.02
2023-05-21,4156.14
2023-05-22,3819.71
2023-05-23,3986.31
2023-05-24,4143.38
2023-05-25,3840.35
2023-05-26,3864.73
2023-05-27,3806.01
2023-05-28,3738.99
2023-05-29,3791.7
2023-05-30,3703.35
2023-05-31,3889.85
2023-06-01,3767.0
2023-06-02,3915.27
2023-06-03,3644.48
2023-06-04,3925.12
2023-06-05,3998.1
2023-06-06,3571.55
2023-06-07,3924.22
2023-06-08,4049.73
2023-06-09,3681.57
2023-06-10,4111.3
2023-06-11,3920.63
2023-06-12,3749.36
2023-06-13,3844.06
2023-06-14,3933.45
2023-06-15,3858.36
2023-06-16,3924.99
2023-06-17,3703.28
2023-06-18,3863.97
2023-06-19,3623.67
2023-06-20,3816.19
2023-06-21,3694.41
2023-06-22,3716.77
2023-06-23,4009.61
2023-06-24,3984.97
2023-06-25,3909.71
2023-06-26,3651.56
2023-06-27,3764.99
2023-06-28,3991.46
2023-06-29,3827.79
2023-06-30,4151.47
2023-07-01,3859.59
2023-07-02,3826.43
2023-07-03,3748.29
2023-07-04,3811.72
2023-07-05,3765.86
2023-07-06,3891.98
2023-07-07,3926.32
2023-07-08,3661.97
2023-07-09,3577.25
2023-07-10,3498.58
2023-07-11,3847.3
2023-07-12,3602.7
2023-07-13,3442.4
2023-07-14,3820.75
2023-07-15,4133.57
2023-07-16,3755.89
2023-07-17,3879.77
2023-07-18,3763.49
2023-07-19,3733.63
2023-07-20,3883.6
2023-07-21,3699.49
2023-07-22,3780.47
2023-07-23,3785.98
2023-07-24,3634.9
2023-07-25,3881.34
2023-07-26,3703.75
2023-07-27,3614.13
2023-07-28,3805.5
2023-07-29,3587.83
2023-07-30,3724.44
2023-07-31,3716.49
2023-08-01,3878.44
2023-08-02,3784.5
2023-08-03,3707.33
2023-08-04,3831.58
2023-08-05,3915.33
2023-08-06,3788.4
2023-08-07,3704.27
2023-08-08,3503.97
2023-08-09,3539.07
2023-08-10,3651.19
2023-08-11,3603.75
2023-08-12,3665.38
2023-08-13,3700.24
2023-08-14,3769.56
2023-08-15,3677.97
2023-08-16,3760.01
2023-08-17,3695.26
2023-08-18,3387.89
2023-08-19,3541.99
2023-08-20,3660.03
2023-08-21,3499.0
2023-08-22,3769.33
2023-08-23,3907.9
2023-08-24,3860.13
2023-08-25,3644.39
2023-08-26,3899.18
2023-08-27,3697.1
2023-08-28,3623.55
2023-08-29,3581.49
2023-08-30,3627.58
2023-08-31,3614.26
2023-09-01,3697.66
2023-09-02,3695.87
2023-09-03,3672.01
2023-09-04,3736.94
2023-09-05,3849.92
2023-09-06,3813.76
2023-09-07,3448.67
2023-09-08,3288.49
2023-09-09,3811.97
2023-09-10,3467.12
2023-09-11,3638.85
2023-09-12,3497.55
2023-09-13,3403.35
2023-09-14,3755.53
2023-09-15,3788.93
2023-09-16,3589.42
2023-09-17,3288.16
2023-09-18,3595.89
2023-09-19,3737.69
2023-09-20,3458.27
2023-09-21,3708.88
2023-09-22,3680.43
2023-09-23,3771.07
2023-09-24,3703.64
2023-09-25,3541.36
2023-09-26,3868.52
2023-09-27,3667.05
2023-09-28,3688.62
2023-09-29,3554.7
2023-09-30,3630.26
2023-10-01,3566.18
2023-10-02,3675.2
2023-10-03,3960.23
2023-10-04,3500.11
2023-10-05,3466.37
2023-10-06,3931.67
2023-10-07,3682.28
2023-10-08,3616.09
2023-10-09,3875.3
2023-10-10,3631.42
2023-10-11,3999.2
2023-10-12,3830.11
2023-10-13,3658.44
2023-10-14,4058.52
2023-10-15,3647.45
2023-10-16,3853.09
2023-10-17,3790.23
2023-10-18,3944.24
2023-10-19,3986.93
2023-10-20,3761.31
2023-10-21,3647.39
2023-10-22,3833.38
2023-10-23,3666.79
2023-10-24,4074.6
2023-10-25,3797.3
2023-10-26,3726.32
2023-10-27,3813.21
2023-10-28,3587.91
2023-10-29,3648.78
2023-10-30,3979.21
2023-10-31,3705.32
2023-11-01,3651.6
2023-11-02,3893.99
2023-11-03,3996.28
2023-11-04,3931.27
2023-11-05,3977.92
2023-11-06,3720.15
2023-11-07,3625.62
2023-11-08,4069.39
2023-11-09,3801.16
2023-11-10,3817.37
2023-11-11,4059.73
2023-11-12,3949.51
2023-11-13,3940.1
2023-11-14,4202.17
2023-11-15,3786.67
2023-11-16,4028.2
2023-11-17,3903.48
2023-11-18,3941.17
2023-11-19,4136.17
2023-11-20,1994.575
2023-11-21,1999.925
2023-11-22,2043.09
2023-11-23,1938.4
2023-11-24,1905.985
2023-11-25,1893.74
2023-11-26,1827.825
2023-11-27,2132.745
2023-11-28,1899.045
2023-11-29,1968.465
2023-11-30,1967.6
2023-12-01,4029.48
2023-12-02,4112.42
2023-12-03,4125.86
2023-12-04,3916.1
2023-12-05,3985.31
2023-12-06,4059.62
2023-12-07,3986.82
2023-12-08,4272.15
2023-12-09,4111.66
2023-12-10,4155.24
2023-12-11,4151.46
2023-12-12,4235.11
2023-12-13,4093.33
2023-12-14,3878.76
2023-12-15,4140.38
2023-12-16,3989.88
2023-12-17,4015.48
2023-12-18,4189.94
2023-12-19,4294.95
2023-12-20,4119.65
2023-12-21,4170.04
2023-12-22,4386.33
2023-12-23,4174.4
2023-12-24,4535.85
2023-12-25,4237.74
2023-12-26,3896.12
2023-12-27,4280.57
2023-12-28,4232.09
2023-12-29,4375.72
2023-12-30,4290.58
2023-12-31,4176.19
2024-01-01,4021.95
2024-01-02,4181.59
2024-01-03,4092.72
2024-01-04,4140.56
2024-01-05,4323.26
2024-01-06,4492.79
2024-01-07,4308.82
2024-01-08,4077.55
2024-01-09,4330.91
2024-01-10,4451.0
2024-01-11,4187.31
2024-01-12,4265.92
2024-01-13,4295.46
2024-01-14,4182.73
2024-01-15,4404.9
2024-01-16,4296.69
2024-01-17,4384.9
2024-01-18,4195.97
2024-01-19,4270.57
2024-01-20,4451.61
2024-01-21,4294.36
2024-01-22,4616.33
2024-01-23,4304.31
2024-01-24,4404.89
2024-01-25,4517.98
2024-01-26,4172.2
2024-01-27,4127.66
2024-01-28,4169.71
2024-01-29,4594.69
2024-01-30,4329.23
2024-01-31,4802.39
2024-02-01,4340.64
2024-02-02,4459.52
2024-02-03,4669.67
2024-02-04,4745.74
2024-02-05,4760.47
2024-02-06,4638.87
2024-02-07,4617.54
2024-02-08,4559.07
2024-02-09,4593.15
2024-02-10,4399.86
2024-02-11,4365.9
2024-02-12,4494.16
2024-02-13,4475.11
2024-02-14,4438.56
2024-02-15,4616.86
2024-02-16,4661.48
2024-02-17,4537.17
2024-02-18,4751.19
2024-02-19,4363.9
2024-02-20,4511.63
2024-02-21,4438.61
2024-02-22,4271.54
2024-02-23,4544.43
2024-02-24,4543.82
2024-02-25,4794.27
2024-02-26,4666.97
2024-02-27,4423.75
2024-02-28,4860.44
2024-02-29,4770.36
2024-03-01,4679.32
2024-03-02,4562.75
2024-03-03,4457.45
2024-03-04,4550.11
2024-03-05,4773.74
2024-03-06,4897.52
2024-03-07,4850.65
2024-03-08,4550.08
2024-03-09,4459.63
2024-03-10,4652.78
2024-03-11,4370.38
2024-03-12,4688.04
2024-03-13,4621.26
2024-03-14,4577.24
2024-03-15,4411.6
2024-03-16,4731.42
2024-03-17,4577.97
2024-03-18,4485.79
2024-03-19,4233.76
2024-03-20,4663.7
2024-03-21,4936.81
2024-03-22,4923.22
2024-03-23,4608.44
2024-03-24,4589.55
2024-03-25,4753.0
2024-03-26,4535.63
2024-03-27,4733.27
2024-03-28,4805.44
2024-03-29,4877.01
2024-03-30,4680.3
2024-03-31,4667.03
2024-04-01,4568.06
2024-04-02,4577.81
2024-04-03,4669.87
2024-04-04,4760.85
2024-04-05,4844.61
2024-04-06,4588.82
2024-04-07,4934.84
2024-04-08,4671.83
2024-04-09,4710.76
2024-04-10,4603.26
2024-04-11,4352.99
2024-04-12,4850.44
2024-04-13,4829.48
2024-04-14,4677.78
2024-04-15,4730.97
2024-04-16,4799.17
2024-04-17,4488.17
2024-04-18,4643.88
2024-04-19,4842.98
2024-04-20,4536.22
2024-04-21,4768.83
2024-04-22,4521.66
2024-04-23,4795.38
2024-04-24,4720.25
2024-04-25,4483.44
2024-04-26,4900.44
2024-04-27,4615.48
2024-04-28,4604.0
2024-04-29,4755.41
2024-04-30,4897.32
2024-05-01,4572.29
2024-05-02,4733.46
2024-05-03,4788.01
2024-05-04,4827.06
2024-05-05,4748.88
2024-05-06,4666.62
2024-05-07,4596.71
2024-05-08,4732.88
2024-05-09,4558.18
2024-05-10,4279.77
2024-05-11,4782.36
2024-05-12,4851.29
2024-05-13,4360.03
2024-05-14,4561.71
2024-05-15,4804.68
2024-05-16,5019.0
2024-05-17,4712.0
2024-05-18,4598.13
2024-05-19,4678.28
2024-05-20,4910.27
2024-05-21,4605.42
2024-05-22,4580.64
2024-05-23,4626.27
2024-05-24,4553.78
2024-05-25,4713.23
2024-05-26,4936.52
2024-05-27,4739.23
2024-05-28,4650.8
2024-05-29,4642.73
2024-05-30,4449.82
2024-05-31,4814.52
2024-06-01,4668.08
2024-06-02,4650.35
2024-06-03,5154.01
2024-06-04,4717.44
2024-06-05,4557.4
2024-06-06,4603.72
2024-06-07,4837.41
2024-06-08,4679.57
2024-06-09,4444.23
2024-06-10,4795.23
2024-06-11,4554.46
2024-06-12,4932.98
2024-06-13,4811.27
2024-06-14,4579.42
2024-06-15,4835.9
2024-06-16,4651.13
2024-06-17,4766.04
2024-06-18,4708.0
2024-06-19,4505.48
2024-06-20,4533.02
2024-06-21,4781.16
2024-06-22,4573.54
2024-06-23,4560.29
2024-06-24,4474.64
2024-06-25,4678.5
2024-06-26,4921.39
2024-06-27,4448.93
2024-06-28,4609.73
2024-06-29,4814.96
2024-06-30,4588.21
2024-07-01,4665.04
2024-07-02,4434.86
2024-07-03,4655.5
2024-07-04,4560.22
2024-07-05,4733.19
2024-07-06,4760.49
2024-07-07,4967.87
2024-07-08,4663.44
2024-07-09,4622.45
2024-07-10,4599.82
2024-07-11,4514.8
2024-07-12,4615.66
2024-07-13,4517.72
2024-07-14,4584.45
2024-07-15,4754.0
2024-07-16,4402.58
2024-07-17,4721.76
2024-07-18,4745.59
2024-07-19,4527.59
2024-07-20,4224.32
2024-07-21,4448.75
2024-07-22,4731.83
2024-07-23,4531.25
2024-07-24,4382.2
2024-07-25,4453.84
2024-07-26,4653.15
2024-07-27,4606.6
2024-07-28,4486.32
2024-07-29,4464.75
2024-07-30,4458.66
2024-07-31,4376.76
2024-08-01,4755.17
2024-08-02,4462.3
2024-08-03,4691.06
2024-08-04,4734.56
2024-08-05,4654.04
2024-08-06,4437.53
2024-08-07,4560.87
2024-08-08,4494.77
2024-08-09,4360.98
2024-08-10,4543.39
2024-08-11,4316.13
2024-08-12,4669.45
2024-08-13,4419.98
2024-08-14,4518.28
2024-08-15,4529.09
2024-08-16,4446.32
2024-08-17,4571.77
2024-08-18,4411.22
2024-08-19,4611.9
2024-08-20,4278.12
2024-08-21,4497.86
2024-08-22,4768.69
2024-08-23,4326.83
2024-08-24,4374.31
2024-08-25,4552.22
2024-08-26,4501.3
2024-08-27,4526.27
2024-08-28,4546.44
2024-08-29,4567.73
2024-08-30,4638.51
2024-08-31,4533.13
2024-09-01,4435.16
2024-09-02,4572.0
2024-09-03,4755.94
2024-09-04,4450.99
2024-09-05,4324.71
2024-09-06,4637.03
2024-09-07,4453.08
2024-09-08,4145.48
2024-09-09,4598.83
2024-09-10,4391.83
2024-09-11,4459.04
2024-09-12,4523.0
2024-09-13,4502.45
2024-09-14,4581.04
2024-09-15,4410.13
2024-09-16,4553.35
2024-09-17,4438.46
2024-09-18,4589.3
2024-09-19,4571.97
2024-09-20,4340.62
2024-09-21,4645.19
2024-09-22,4403.34
2024-09-23,4606.48
2024-09-24,4541.98
2024-09-25,4764.32
2024-09-26,4456.87
2024-09-27,4439.88
2024-09-28,4491.34
2024-09-29,4450.84
2024-09-30,4618.46
2024-10-01,4258.26
2024-10-02,4344.98
2024-10-03,4345.28
2024-10-04,4650.51
2024-10-05,4767.15
2024-10-06,4497.57
2024-10-07,4490.69
2024-10-08,4529.38
2024-10-09,4696.1
2024-10-10,4385.75
2024-10-11,4563.73
2024-10-12,4677.47
2024-10-13,4609.65
2024-10-14,4566.31
2024-10-15,4691.5
2024-10-16,4139.41
2024-10-17,4650.22
2024-10-18,4454.15
2024-10-19,4281.48
2024-10-20,4636.65
2024-10-21,4770.0
2024-10-22,4547.39
2024-10-23,4715.08
2024-10-24,4818.22
2024-10-25,4777.92
2024-10-26,4831.07
2024-10-27,4700.86
2024-10-28,4605.4
2024-10-29,4358.42
2024-10-30,4566.5
2024-10-31,4481.71
2024-11-01,4938.69
2024-11-02,4591.6
2024-11-03,4641.47
2024-11-04,4710.8
2024-11-05,4639.77
2024-11-06,4892.71
2024-11-07,4550.35
2024-11-08,4678.31
2024-11-09,4543.19
2024-11-10,4462.06
2024-11-11,4573.87
2024-11-12,4665.72
2024-11-13,4612.59
2024-11-14,4578.89
2024-11-15,4477.64
2024-11-16,4682.02
2024-11-17,4474.73
2024-11-18,4820.47
2024-11-19,4724.9
2024-11-20,4500.04
2024-11-21,4678.48
2024-11-22,4618.28
2024-11-23,4785.29
2024-11-24,4944.83
2024-11-25,4468.89
2024-11-26,4773.88
2024-11-27,4739.11
2024-11-28,4870.39
2024-11-29,4808.26
2024-11-30,4670.14
2024-12-01,4741.76
2024-12-02,4676.95
2024-12-03,4964.53
2024-12-04,4813.14
2024-12-05,5101.97
2024-12-06,4814.59
2024-12-07,4724.35
2024-12-08,4610.52
2024-12-09,4574.1
2024-12-10,4613.97
2024-12-11,4898.72
2024-12-12,4942.04
2024-12-13,4635.67
2024-12-14,5014.24
2024-12-15,4814.69
2024-12-16,4916.35
2024-12-17,5143.38
2024-12-18,5043.3
2024-12-19,4875.74
2024-12-20,4789.6
2024-12-21,4607.79
2024-12-22,4829.98
2024-12-23,4913.49
2024-12-24,4804.4
2024-12-25,4940.11
2024-12-26,4978.66
2024-12-27,4940.75
2024-12-28,4884.32
2024-12-29,5014.47
2024-12-30,5062.81
2024-12-31,4840.31
